Date,rstar,g,z,output gap,real rate gap,,,All results are output from the Stage 3 model.,,,,,,,,,,,,,,,Standard Errors,Date,y*,r*,g,,,rstar (smoothed),g (smoothed),z (smoothed),output gap (smoothed)
1961-01-01,5.10355367185686,4.64828489940817,-0.000748238801573935,-3.62780502889757,-3.6797311234879,,,Parameter Point Estimates,,,,,,,,,,,,,,,,1961-01-01,1.48096653352301,1.28043592342372,0.542005666669409,,,4.48708971772973,4.13818434492342,-0.0570685504389817,-3.30679319453805
1961-04-01,5.27917508921088,4.8037362245517,0.00417140077510998,-3.24217026646807,-3.78032064485671,,,a_1,a_2,a_3,b_1,b_2,b_3,b_4,b_5,c,sigma_1,sigma_2,sigma_4,phi,kappa2020Q2-Q4,kappa2021,kappa2022,1961-04-01,1.51665666207654,1.26846729908746,0.530299952421403,,,4.47084353241773,4.13007507291521,-0.0644099088091605,-2.79366339914532
1961-07-01,5.26064090003246,4.78434069652204,0.00693552547428681,-2.4924294567752,-3.80839337637783,,,1.35247550916378,-0.405911998004637,-0.0894056521031139,0.545146952489845,0.376107035771443,0.0460896647867694,0.00263504796411809,0.0413775343739316,1.09810435916015,0.454879197361754,0.753289897414524,0.50171364007301,-0.0654071509140142,9.66448788700939,1.79325072598405,1,1961-07-01,1.54728923304495,1.25733611162009,0.519954242952565,,,4.45010920416358,4.11883685383532,-0.0728034997024765,-2.0226660019257
1961-10-01,5.2728448365265,4.79759003285436,0.00459030798581536,-1.78422742368468,-3.69134739743643,,,T Statistics,,,,,,,,,,,,,,,,1961-10-01,1.57191073189742,1.24707117807658,0.510599105829772,,,4.42615407070358,4.10499074634759,-0.0815541621728021,-1.22208982874974
1962-01-01,5.14953202710771,4.68338029408758,0.00669171056537377,-0.989781497765421,-3.62159909161438,,,12.2644588214229,3.52584323335224,4.73955785727845,11.5175909104949,6.92973389321088,2.25693368978139,2.92154582566505,5.03709052118095,3.22892859201828,4.21024825393002,27.5687579618671,5.33535511024501,2.19873119115917,2.17908337388909,3.07133597720278,1.77503234129518,1962-01-01,1.58312321869642,1.23828795339602,0.501756695553014,,,4.40312001575103,4.09060135820496,-0.0887871672802947,-0.596335912890027
1962-04-01,4.66725276995076,4.25456389474392,-0.00470238919294785,-0.429960495145224,-3.10934700459347,,,,,,,,,,,,,,,,,,,1962-04-01,1.57063695419151,1.23274545479642,0.493207722107679,,,4.39195643390019,4.08502576451513,-0.0938281653954189,-0.398753163750484
1962-07-01,4.5555823620682,4.15578205798966,-0.00790003152980212,-0.0616275993299951,-2.98788111324702,,,,,,,,,,,,,,,,,,,1962-07-01,1.56338768104971,1.22913312516751,0.484740532449129,,,4.38647983036267,4.08204644621302,-0.0960331665180729,-0.23197267747355
1962-10-01,4.11075061329656,3.77139836434312,-0.0306383707180956,0.0792510597228784,-2.42431368393383,,,Average Standard Errors,,,,,,,,,,,,,,,,1962-10-01,1.56536408654628,1.22945437510635,0.476623541511497,,,4.39787287792174,4.09218930983419,-0.0957780417157675,-0.400020757210882
1963-01-01,4.09489548874025,3.75422810845076,-0.0276387624311141,0.283453286436043,-2.50233619860475,,,y*,r*,g,,,,,,,,,,,,,,1963-01-01,1.57450770582622,1.23091047168013,0.469167278869295,,,4.41162446420369,4.10387131646598,-0.0948545178399262,-0.298035289579502
1963-04-01,4.06022624824695,3.72143678670461,-0.0262997095723376,0.562125180383418,-2.52715595007658,,,1.94172867489527,1.19887638073429,0.428596293518475,,,,,,,,,,,,,,1963-04-01,1.59271324496472,1.23330892600032,0.462707286020652,,,4.42680594194904,4.11758775482932,-0.0947351208535094,-0.0578969515787549
1963-07-01,4.37775655234341,3.99651445331128,-0.010833390284265,1.03427587339161,-2.4256882203317,,,,,,,,,,,,,,,,,,,1963-07-01,1.59804412020925,1.2344051082992,0.456806266030461,,,4.43132854203361,4.12128881118461,-0.094276666886181,0.55833185604024
1963-10-01,4.11683091047974,3.76090427721397,-0.0130344707129887,1.43685215120706,-2.16788080896203,,,Restrictions on MC draws: a_3 < -0.0025; b_2 > 0.025; a_1 + a_2 < 1,,,,,,,,,,,,,,,,1963-10-01,1.62218929173768,1.2382985475598,0.451972501827964,,,4.4468390264244,4.13487128907261,-0.0936811606723949,0.67595078594411
1964-01-01,4.41460801293382,4.02330528330967,-0.00340105690061206,1.74429081249787,-2.42148020628555,,,Draws excluded:,,948,Total:,5000,,,,,,,,,,,,1964-01-01,1.63171616630026,1.24032168497435,0.447619746901639,,,4.44999967301032,4.13775499990449,-0.0936871295215244,1.21955150678923
1964-04-01,4.32908077100708,3.96111491384637,-0.0206367830219199,1.96487893962694,-2.21408045611561,,,Percent excluded:,,0.159381304640215,,,,,,,,,,,,,,1964-04-01,1.64880655558686,1.24387672852927,0.444047394518246,,,4.45789279851143,4.144481659889,-0.0931805786719992,1.43354949397803
1964-07-01,4.43000532425471,4.0553023390953,-0.0231398520182065,2.17656465458128,-2.31915972998028,,,Draws excluded because a_r > -0.0025:,,,,0,,,,,,,,,,,,1964-07-01,1.6614994232843,1.24741703281041,0.440894428221832,,,4.46303939626788,4.14762681628506,-0.0914876908642931,1.69651368183031
1964-10-01,4.17247571795432,3.84293859902822,-0.0474719096233827,2.15554134449326,-1.8541936177644,,,Draws excluded because b_y <  0.025:,,,,908,,,,,,,,,,,,1964-10-01,1.67767833075015,1.25357971291509,0.439005422115164,,,4.47939668541122,4.16192460356386,-0.0908308642581478,1.59537531307376
1965-01-01,4.55637239295152,4.16857179804536,-0.0211544699541741,2.46231338781627,-2.11696796197944,,,Draws excluded because a_y1 + a_y2 < 1:,,,,52,,,,,,,,,,,,1965-01-01,1.69716334829631,1.25564915455015,0.43694388648323,,,4.47475139298713,4.15951031532572,-0.0928250162436717,2.25029700890047
1965-04-01,4.52587469040593,4.14552971074426,-0.0263495559902759,2.74402498254085,-1.95502697610922,,,,,,,,,,,,,,,,,,,1965-04-01,1.72281106049316,1.25744820952145,0.435282990476745,,,4.46818567044581,4.15772523010514,-0.0974305289228024,2.6497355307896
1965-07-01,4.78041989339975,4.37012797619288,-0.0184366873454,3.05963990142868,-2.19843071767715,,,Signal-to-noise Ratios,,,,Log Likelihood,,,,,,,,,,,,1965-07-01,1.77301568496169,1.25531351274759,0.433221047808542,,,4.44268267457533,4.14290946561205,-0.106664269219123,3.41590051487321
1965-10-01,5.00130839438625,4.56651581198835,-0.0132025249319329,3.48726218300612,-2.33906789144798,,,lambda_g,0.0701184313904562,,,-574.200930962601,,,,,,,,,,,,1965-10-01,1.8529338850408,1.249586105846,0.430677898643557,,,4.39942943516296,4.11570944282923,-0.12004904504442,4.26987418393799
1966-01-01,5.2448286893905,4.75786504745077,0.020196340489072,4.10624331441375,-2.31713615884155,,,lambda_z,0.0270943166437679,,,,,,,,,,,,,,,1966-01-01,1.95395505139563,1.24114044031328,0.427614703144391,,,4.34140354199854,4.07541213539989,-0.133824289258265,5.00276566930336
1966-04-01,4.99242847784858,4.49687967338983,0.0543853058805139,4.43389677010327,-1.92951411687552,,,,,,,,,,,,,,,,,,,1966-04-01,1.9247568132293,1.23564264697697,0.425290657149371,,,4.29693651717315,4.04626417288876,-0.14628380938956,4.81530373796011
1966-07-01,4.98108878005472,4.45659247045275,0.0872851612502288,4.43207199454196,-1.40994801646857,,,,,,,,,,,,,,,,,,,1966-07-01,1.92435836802497,1.22995805767834,0.423180145505148,,,4.25161233131726,4.01660464621593,-0.159038739715381,4.6382523858606
1966-10-01,4.96524995079675,4.42319745012078,0.108117549393039,4.34329813058503,-1.24253085954085,,,State vector: [y_{t}* y_{t-1}* y_{t-2}* g_{t} g_{t-1} g_{t-2} z_{t} z_{t-1} z_{t-2}],,,,,,,,,,,,,,,,1966-10-01,1.93202235012944,1.22403667055253,0.421201367458281,,,4.20538666031591,3.98637396428196,-0.172067967104655,4.4380785199138
1967-01-01,4.9131082309623,4.44757389174173,0.0292079527538156,3.75267722271155,-1.75590757809084,,,Initial State Vector,,,,,,,,,,,,,,,,1967-01-01,1.94345141058421,1.21800967882455,0.419228899592954,,,4.15872201063898,3.95488683289679,-0.184156460550087,4.20451658323736
1967-04-01,4.70705655259729,4.26608758202846,0.0224471822128309,3.42957471170348,-2.49577573849806,,,811.27211881791,810.111452336212,808.950880590638,1.16066648169806,1.16057174557351,1.16052441634675,0,0,0,,,,,,,,1967-04-01,1.90819021939648,1.21380774614874,0.417582031031402,,,4.12221353911868,3.93214330149492,-0.195690161095296,3.68939070290162
1967-07-01,4.7615770603654,4.27386511233667,0.0684271500460025,3.42227269962689,-2.86907465072168,,,,,,,,,,,,,,,,,,,1967-07-01,1.91444805724873,1.20864640805545,0.415928398880356,,,4.08171470309651,3.9064365271329,-0.207960276130575,3.5401993919013
1967-10-01,4.71639590194596,4.20286320235787,0.101213498482978,3.50493616240863,-2.67875987053531,,,Initial Covariance Matrix,,,,,,,,,,,,,,,,1967-10-01,1.91351085915159,1.20308749021906,0.414527946330167,,,4.04029396390049,3.8821054972799,-0.222663005382173,3.52627004976273
1968-01-01,4.97572302464195,4.38090823078114,0.16502859934058,3.93359286874215,-2.46960760493955,,,0.649297677468935,0.2,0,0.2,0.2,0,0,0,0,,,,,,,,1968-01-01,1.98030210888277,1.19405976444818,0.413200580460765,,,3.98054806096572,3.84399228502231,-0.240556623795281,4.05958795817514
1968-04-01,5.07778101724524,4.44138828844149,0.200673176984783,4.35402777262982,-1.55715628332706,,,0.2,0.2,0,0,0,0,0,0,0,,,,,,,,1968-04-01,2.03238593939683,1.1837838410145,0.41223182202144,,,3.91286809227288,3.79920809324272,-0.259058876273497,4.4517900112387
1968-07-01,4.98267342129326,4.35215303656537,0.203555200108724,4.39630490325862,-1.96113228827855,,,0,0,0.2,0,0,0,0,0,0,,,,,,,,1968-07-01,2.01910231856226,1.17431324078264,0.411705434959266,,,3.84867242915724,3.75700673332173,-0.276913042097407,4.36758096990957
1968-10-01,4.85938202590422,4.2371014733027,0.206602427866611,4.18953260879346,-2.47938087025796,,,0.2,0,0,0.201225695570127,0.2,0,0,0,0,,,,,,,,1968-10-01,1.98809956532182,1.16538624341187,0.411580771061852,,,3.78763733865114,3.71871546516896,-0.295900324127172,4.0856272013059
1969-01-01,5.00409690057101,4.37447825930072,0.200463254981568,4.0924807419583,-2.58659561953222,,,0.2,0,0,0.2,0.2,0,0,0,0,,,,,,,,1969-01-01,2.03723193279401,1.1546130628688,0.411862604051214,,,3.71481322005549,3.66999001739293,-0.31521881611794,4.19765374418068
1969-04-01,4.82423469610113,4.20207937687151,0.20991301482154,4.0483374595301,-0.969262498224857,,,0,0,0,0,0,0.2,0,0,0,,,,,,,,1969-04-01,2.00558358283067,1.14557195452916,0.412317985826889,,,3.65155770012306,3.62866009318653,-0.333089766115561,3.87551705305407
1969-07-01,4.77218365722783,4.16699518806739,0.196388076611647,3.76331190827614,-0.000532814325245212,,,0,0,0,0,0,0,0.219090913442608,0.2,0,,,,,,,,1969-07-01,1.99558906803527,1.1370656617141,0.412694068956265,,,3.59098949641845,3.5875729534778,-0.348540002600588,3.49819495032978
1969-10-01,4.46498191531217,3.92881821803405,0.15072950374115,3.09421430399868,0.00946172542958745,,,0,0,0,0,0,0,0.2,0.2,0,,,,,,,,1969-10-01,1.92494456403395,1.13119736187626,0.412478748524137,,,3.54762624055653,3.55941591639981,-0.360983893306133,2.5949680187781
1970-01-01,4.30311543618383,3.81815692059275,0.110380677723425,2.31047791431399,0.148896566194557,,,0,0,0,0,0,0,0,0,0.2,,,,,,,,1970-01-01,1.88760384400523,1.12635004431915,0.411809781724547,,,3.51190421963632,3.53694570323782,-0.372031275201908,1.76444459413676
1970-04-01,4.21919719146961,3.75175724580588,0.0993762053394776,1.74321287528892,-0.606346915914063,,,,,,,,,,,,,,,,,,,1970-04-01,1.8723544795175,1.12194479301195,0.41096417591309,,,3.47954723070163,3.51721378748088,-0.382720561429323,1.14043993696737
1970-07-01,4.26307952446202,3.81918436017407,0.0692165301185843,1.36013865326152,-1.80809320225923,,,,,,,,,,,,,,,,,,,1970-07-01,1.88412562634885,1.11742437385324,0.41009060538953,,,3.4451481690169,3.49314909916263,-0.390694083969952,0.800141706781574
1970-10-01,3.86935006954694,3.41566280492603,0.118595854036466,1.13523552926813,-3.60584236094952,,,,,,,,,,,,,,,,,,,1970-10-01,1.82942865931859,1.11630184053547,0.408632839406296,,,3.43432900535576,3.49084379580809,-0.398981783968284,-0.0258615906636805
1971-01-01,4.32873448818713,3.81716265135027,0.137091541116066,1.3466750338647,-5.42788427378178,,,,,,,,,,,,,,,,,,,1971-01-01,1.88728084694888,1.11120851627473,0.407972362406166,,,3.39517796977213,3.4637567684307,-0.408388436712113,0.586189634357993
1971-04-01,4.07435028663294,3.61387773347948,0.105935394027312,1.69131671568141,-4.44497019630244,,,,,,,,,,,,,,,,,,,1971-04-01,1.86598103619899,1.10869961489851,0.406987487058328,,,3.37170139766083,3.44809252078467,-0.414664030200349,0.658564853117696
1971-07-01,3.89617922004724,3.53522274471827,0.0141357134699754,1.69272994324137,-2.59952143310909,,,,,,,,,,,,,,,,,,,1971-07-01,1.84709777321334,1.10751172481058,0.405685326514179,,,3.35639082310625,3.43769822455902,-0.418560582759141,0.745688504261352
1971-10-01,3.53959367470724,3.38601337846109,-0.178602376355489,1.16222849926999,-2.0863930164327,,,,,,,,,,,,,,,,,,,1971-10-01,1.82300311267715,1.10790992608039,0.40423589028316,,,3.35190758018164,3.437802103344,-0.423157895430354,0.69635599798869
1972-01-01,3.78712448323437,3.55208516680467,-0.113435722541971,1.61930980341367,-4.1374980009653,,,,,,,,,,,,,,,,,,,1972-01-01,1.82758812282604,1.10592001437931,0.403436476715255,,,3.33090965544585,3.42632274168569,-0.431550283088775,1.29098221317588
1972-04-01,3.90190649100443,3.76046816013609,-0.227479988123978,1.82678518925104,-2.0872794513488,,,,,,,,,,,,,,,,,,,1972-04-01,1.85103251206842,1.10186508170879,0.403283042732943,,,3.29493066264972,3.40274509262858,-0.441638556676553,2.16229351391178
1972-07-01,3.75533645559276,3.6631502446724,-0.267184796340582,2.12788671669352,-2.11022322413799,,,,,,,,,,,,,,,,,,,1972-07-01,1.83731370908477,1.09822248868094,0.403360833064003,,,3.26210241531267,3.38375623808602,-0.453615060064958,2.59475273748615
1972-10-01,3.81671502867019,3.7866825251205,-0.341457558920213,2.1789986923435,-1.15221596921601,,,,,,,,,,,,,,,,,,,1972-10-01,1.85097464093141,1.09243548418713,0.404067242656829,,,3.21493476805873,3.35624997361251,-0.470577958396324,3.26643679668996
1973-01-01,4.06874030001637,4.04545470417372,-0.373591145421748,2.53293365615627,-0.164380390276919,,,,,,,,,,,,,,,,,,,1973-01-01,1.91573800303863,1.08384488442957,0.405898154954343,,,3.14587310820723,3.31160700955471,-0.490616984810121,4.17966163830988
1973-04-01,4.11899850560839,3.98899959900566,-0.261339342747834,3.11132077400362,-0.385073289855683,,,,,,,,,,,,,,,,,,,1973-04-01,1.9254506429738,1.07586856072077,0.408349954852204,,,3.07826164855336,3.26695169153972,-0.509192245092051,4.34874452571239
1973-07-01,3.81969330624295,3.69912279207361,-0.242329556801759,2.82388784598209,2.67516221789339,,,,,,,,,,,,,,,,,,,1973-07-01,1.86305084290788,1.07004594804508,0.41053420395228,,,3.02721742871215,3.23705512951063,-0.527406919845208,3.73419661763853
1973-10-01,3.97051740954845,3.81041101170437,-0.21371153259597,2.45590859753622,1.60854752732318,,,,,,,,,,,,,,,,,,,1973-10-01,1.87546761970506,1.06335164185869,0.41330652853754,,,2.96759011439574,3.19871828042159,-0.544936373060479,3.40063037560037
1974-01-01,3.73857100333846,3.52558357532899,-0.132887689313741,2.00173692661656,0.38872185613769,,,,,,,,,,,,,,,,,,,1974-01-01,1.82708650803848,1.05878649131728,0.415384982104114,,,2.92605583617931,3.17485207487666,-0.560263066931412,2.34510375484331
1974-04-01,3.89390631266559,3.49571602074144,0.0552453119034273,1.92688777853198,-0.464394502563535,,,,,,,,,,,,,,,,,,,1974-04-01,1.82147182981011,1.05450771318557,0.4171733152999,,,2.8866579510318,3.14999686405302,-0.572367336725633,1.55101219521055
1974-07-01,3.74505039431353,3.17440253279683,0.259225135320289,1.90095949062516,-1.61319012698313,,,,,,,,,,,,,,,,,,,1974-07-01,1.78736091082372,1.05260896638592,0.417311542972948,,,2.87052969303613,3.14163846617297,-0.579317201573632,0.352809473949719
1974-10-01,3.56970671731989,3.02990205790629,0.242558059704673,1.27126938713548,-3.17175997412208,,,,,,,,,,,,,,,,,,,1974-10-01,1.77856115154425,1.05225916437167,0.415989309840231,,,2.87026416822074,3.14252108702589,-0.5805519361951,-0.684130897224463
1975-01-01,3.02853823611182,2.70229387827015,0.0611375486515668,0.208095673304342,-3.62432008717677,,,,,,,,,,,,,,,,,,,1975-01-01,1.80471786537741,1.05463120101156,0.412923749349177,,,2.8975654846504,3.16538305820487,-0.578355449976066,-1.77654518956672
1975-04-01,2.87500411790504,2.77235366689243,-0.169329528843174,-0.574903012537561,-2.90707323806141,,,,,,,,,,,,,,,,,,,1975-04-01,1.81458490174217,1.05683415301925,0.410138107596337,,,2.9228934291618,3.18736092378876,-0.577161495467375,-1.84252023714146
1975-07-01,2.99340214230664,2.91898735621058,-0.211950597881566,-0.268446731538006,-2.26006878444955,,,,,,,,,,,,,,,,,,,1975-07-01,1.79940436358986,1.05823700345635,0.4082312069194,,,2.93896122272963,3.2019235761357,-0.577085013922649,-1.25422446867515
1975-10-01,3.02841312454641,2.93742167363049,-0.197182419958751,0.297717669443273,-3.32824632538039,,,,,,,,,,,,,,,,,,,1975-10-01,1.79330301880207,1.05952374637659,0.406794342788796,,,2.95268548671804,3.21567508931816,-0.578461346504953,-0.673882027905961
1976-01-01,3.20427599092816,3.14861178945747,-0.253228340378143,0.796917006387503,-3.68703074398921,,,,,,,,,,,,,,,,,,,1976-01-01,1.78068395196008,1.05968658298588,0.405973530139659,,,2.95433767047448,3.21812528077401,-0.579499728666957,0.151732566863302
1976-04-01,2.87451322061867,3.0377741178758,-0.461279780364632,0.723609624894834,-2.06418081269342,,,,,,,,,,,,,,,,,,,1976-04-01,1.78506941016943,1.06148033563537,0.404738432757249,,,2.9692178812798,3.22996075197358,-0.577616100378605,0.385436349586598
1976-07-01,2.79108863373292,2.92345081426538,-0.419165449202191,1.07282539826258,-3.31575912018884,,,,,,,,,,,,,,,,,,,1976-07-01,1.79906554419759,1.06452756060958,0.403193278255472,,,2.9942922677257,3.2492780275636,-0.573754098465201,0.390480441695331
1976-10-01,2.76005780716176,2.87694028022151,-0.399122855592923,1.29886159594071,-3.47024533196711,,,,,,,,,,,,,,,,,,,1976-10-01,1.81353522750348,1.06820965280474,0.40176146519388,,,3.02394442410858,3.27233350806753,-0.569419265726214,0.462967742643286
1977-01-01,2.82403759664005,2.9077844940657,-0.369013231791795,1.69528907122401,-4.07068952694815,,,,,,,,,,,,,,,,,,,1977-01-01,1.81522171350643,1.07166193682409,0.400784459033207,,,3.05098622270889,3.29423770776167,-0.566430564293948,0.839224461292247
1977-04-01,2.94875191537166,3.07415011534918,-0.426985727005969,2.08674446820385,-3.17617296504064,,,,,,,,,,,,,,,,,,,1977-04-01,1.79841979126429,1.0739267377109,0.400351502640624,,,3.06743964645347,3.30768371406547,-0.564742258684872,1.58669875162241
1977-07-01,3.09186395612063,3.16469910550231,-0.383305927061704,2.83341944007327,-3.06876739742762,,,,,,,,,,,,,,,,,,,1977-07-01,1.79417728881652,1.07598476492707,0.400250564207822,,,3.08102528732332,3.31647586475672,-0.560811316815474,2.18092470213912
1977-10-01,2.74135383930155,2.93589131969345,-0.482561216874279,2.75965827911421,-1.37176830740155,,,,,,,,,,,,,,,,,,,1977-10-01,1.82183639589851,1.08047022604663,0.400353070223274,,,3.11402562812792,3.34080527534544,-0.554527207834156,2.00711871208591
1978-01-01,2.63440182557675,2.86062524307601,-0.506863223768585,2.59808469354255,-1.35477220960705,,,,,,,,,,,,,,,,,,,1978-01-01,1.85191131951214,1.08481946000507,0.400872518808475,,,3.14725367770921,3.37015429910457,-0.553527449179857,2.05327056442616
1978-04-01,3.39742988486175,3.47534879576359,-0.418865777368241,3.36039108839009,-2.08186877021962,,,,,,,,,,,,,,,,,,,1978-04-01,1.79426461055296,1.08331860039486,0.401486157279023,,,3.13530303134819,3.36264399832974,-0.557231001521435,3.4016313393364
1978-07-01,3.30966176326454,3.38930063137123,-0.412144034548473,3.85725063600478,-0.968533719349916,,,,,,,,,,,,,,,,,,,1978-07-01,1.79684451234003,1.08237734896096,0.40227087182531,,,3.1284290448406,3.35978483869904,-0.560965332375005,3.79975874448337
1978-10-01,3.43911207753251,3.46466490462534,-0.365451557265779,4.13884959561051,0.332659181938133,,,,,,,,,,,,,,,,,,,1978-10-01,1.80311571300856,1.08089676864309,0.403233866867411,,,3.11647697839108,3.35190690361754,-0.564266603970349,4.01460968826245
1979-01-01,3.08491440549163,3.37937455617078,-0.625991525874414,3.23950082370266,2.48613746110798,,,,,,,,,,,,,,,,,,,1979-01-01,1.79771322516433,1.08063499614432,0.404380177874479,,,3.11390313188026,3.35132686867298,-0.566203511580081,3.64796102769992
1979-04-01,3.28477965962852,3.28498680437469,-0.322478670038906,3.53621081988649,-0.175047221234382,,,,,,,,,,,,,,,,,,,1979-04-01,1.79424484227886,1.08073874612776,0.405635903090256,,,3.11421065099593,3.35361092335522,-0.568404122867552,3.07796893528973
1979-07-01,3.32881356954073,3.3798850094384,-0.382652892783635,2.94018279678244,1.6721080647379,,,,,,,,,,,,,,,,,,,1979-07-01,1.79612206454055,1.08029456153151,0.407041072491124,,,3.10895068722407,3.35084168010108,-0.57062316855046,2.7238134137466
1979-10-01,3.29899219006512,3.32834156233348,-0.355874188307187,2.61181348036791,4.33632651716564,,,,,,,,,,,,,,,,,,,1979-10-01,1.79865296133013,1.08057187360835,0.408649338735027,,,3.1083305214161,3.35101287668667,-0.57143132607534,2.20329210842408
1980-01-01,3.46474925501666,3.32188575326267,-0.183027971273097,2.48661614192019,4.69459866750167,,,,,,,,,,,,,,,,,,,1980-01-01,1.80169857274082,1.08167231914037,0.410446692881961,,,3.11217984915697,3.35093119887645,-0.567492307575018,1.39050078645869
1980-04-01,2.94816828647842,2.90463142341332,-0.241420141325308,1.14910510890718,3.15878465385896,,,,,,,,,,,,,,,,,,,1980-04-01,1.81683640450549,1.08641763637532,0.412320204147225,,,3.14786511714292,3.37682440169797,-0.560240478480002,-0.401201604306152
1980-07-01,3.01321606438801,2.96437893161969,-0.241981362626096,0.0596771456014267,-0.0424426510719904,,,,,,,,,,,,,,,,,,,1980-07-01,1.82465396357772,1.09035628089525,0.414271557347228,,,3.17682906215812,3.39976200178818,-0.556464412112537,-1.31238196194977
1980-10-01,3.51447148924953,3.26960105301451,-0.0758916797803308,0.273258887158363,5.53982609492434,,,,,,,,,,,,,,,,,,,1980-10-01,1.79837476645041,1.09133858269909,0.416219228605366,,,3.17990575997369,3.40324033192868,-0.557207283786842,-1.0411165136527
1981-01-01,3.77732985149563,3.52221046940974,-0.0904248188427427,0.337998545665528,6.54756352418787,,,,,,,,,,,,,,,,,,,1981-01-01,1.81106709358284,1.09073709734915,0.418245776570073,,,3.16676952611455,3.39178059204662,-0.557759527326655,-0.722112196262287
1981-04-01,3.36007539922032,3.29568728538707,-0.258933175291926,-0.716844914103376,9.49995804707029,,,,,,,,,,,,,,,,,,,1981-04-01,1.79165934162382,1.09181681044026,0.420150976538924,,,3.16909851712614,3.39447452859983,-0.558388759787451,-1.58971198355937
1981-07-01,3.66162780530005,3.58303026373676,-0.27291334631204,-1.54848904474204,9.19033985538951,,,,,,,,,,,,,,,,,,,1981-07-01,1.81765641443188,1.09108229414793,0.421735140198344,,,3.1533080314572,3.38022027144069,-0.558526583533337,-2.13829590818102
1981-10-01,3.33808965984549,3.38193749318446,-0.375630643827529,-2.93526005057618,4.64584315426725,,,,,,,,,,,,,,,,,,,1981-10-01,1.8143769446035,1.09246990236673,0.422969541684451,,,3.15661032185567,3.37890628751222,-0.553781401655145,-3.70501299958539
1982-01-01,2.86861562973482,3.13803052467009,-0.577269368583036,-4.77242803927618,6.68938321872099,,,,,,,,,,,,,,,,,,,1982-01-01,1.83229828485528,1.09590157783454,0.423817532830402,,,3.17996568424374,3.39408216572765,-0.547090737289528,-5.39019231503676
1982-04-01,2.93569726796709,3.270694979564,-0.655867146575373,-5.80392685964875,7.16256986734151,,,,,,,,,,,,,,,,,,,1982-04-01,1.85018334509684,1.09886771091719,0.424468416460612,,,3.19747074043926,3.40298330819653,-0.539360064440589,-6.16312173304607
1982-07-01,2.92612850288907,3.13001090464922,-0.510950115725053,-6.13344319061866,2.12276711696217,,,,,,,,,,,,,,,,,,,1982-07-01,1.8743615561557,1.10309415173391,0.424940854899369,,,3.22617598361564,3.41999087563707,-0.529330905209374,-7.11843535974674
1982-10-01,2.82282523622715,3.07545922514516,-0.554349945324057,-6.74350555417413,0.635673076535069,,,,,,,,,,,,,,,,,,,1982-10-01,1.89926316881925,1.1078797100472,0.425302198197498,,,3.25957521149663,3.44142814007537,-0.519472030856553,-7.69834493983058
1983-01-01,2.93710829020183,3.1829199283228,-0.558069957947164,-6.6477613396836,0.119224275503194,,,,,,,,,,,,,,,,,,,1983-01-01,1.89606110344788,1.11163177368968,0.425427723508268,,,3.2838532751798,3.4570265991643,-0.51232270309512,-7.38870542868801
1983-04-01,2.93292574071179,3.41635198441865,-0.818585265803776,-6.67655693128086,1.21116495263175,,,,,,,,,,,,,,,,,,,1983-04-01,1.88230659777224,1.11353328602763,0.425026723964689,,,3.29266968484998,3.4610535123811,-0.507928264382277,-6.43095984495585
1983-07-01,3.32345975298885,3.46745681259674,-0.484169688123198,-5.0750732819339,-0.0888818101430724,,,,,,,,,,,,,,,,,,,1983-07-01,1.87805884494917,1.11420679902148,0.424051652697992,,,3.29259444384837,3.45905083855244,-0.505804360522653,-5.49136478847925
1983-10-01,3.22821287635317,3.61708946680901,-0.743728834622083,-5.01539647152538,0.796048481791529,,,,,,,,,,,,,,,,,,,1983-10-01,1.88270195006092,1.11349554767456,0.42249710520971,,,3.28188306802817,3.44953989605442,-0.506071728926053,-4.53402389407665
1984-01-01,3.37569877948244,3.69772249565226,-0.684786411957871,-4.19149933761685,1.41850502070365,,,,,,,,,,,,,,,,,,,1984-01-01,1.89187311585988,1.11172034478865,0.420521797706186,,,3.26254187386882,3.4338334903553,-0.508165650520469,-3.66925249098097
1984-04-01,3.54039874752422,3.75133418464623,-0.57895767330231,-3.40565520449354,1.17153132187082,,,,,,,,,,,,,,,,,,,1984-04-01,1.9036644929682,1.10933668142551,0.418355907920208,,,3.23717442821129,3.41307786713361,-0.510741255841165,-3.04339260181666
1984-07-01,3.42330534942261,3.69948413403175,-0.639114304801488,-3.29535684256484,3.28351174352308,,,,,,,,,,,,,,,,,,,1984-07-01,1.90477399003045,1.10735585956056,0.416253934656176,,,3.21463820026464,3.39474280933938,-0.513143676898515,-2.82421087048408
1984-10-01,3.29961370950782,3.68143326154086,-0.742984202947376,-3.53978627929894,2.23877220291315,,,,,,,,,,,,,,,,,,,1984-10-01,1.90820939064872,1.10551766190486,0.41425817426948,,,3.19241610871859,3.37717659283931,-0.516076229531899,-2.78545123951983
1985-01-01,3.67445584371192,3.6581185466702,-0.342540078711235,-2.5910647767347,-0.239218525828379,,,,,,,,,,,,,,,,,,,1985-01-01,1.91339454594144,1.10341308418562,0.412391206207185,,,3.16630234863592,3.35669307820131,-0.519696952899658,-2.77363794643873
1985-04-01,3.5275016597681,3.65596262775546,-0.487126838696785,-2.91215319746232,0.22846138338953,,,,,,,,,,,,,,,,,,,1985-04-01,1.91176195625475,1.10124231130799,0.410692040939601,,,3.13877671443861,3.33599982160968,-0.524499231828487,-2.67811680776697
1985-07-01,3.70485504659852,3.73326959284188,-0.394664567221206,-2.43840308338213,0.356952064863651,,,,,,,,,,,,,,,,,,,1985-07-01,1.91536643513155,1.09846586660988,0.409164827065958,,,3.10343412690663,3.30863293814913,-0.529790125335805,-2.30745146392871
1985-10-01,3.43858827132101,3.66642928361907,-0.587533707573532,-2.74763972054393,1.41584465612711,,,,,,,,,,,,,,,,,,,1985-10-01,1.9064210908255,1.09629188556909,0.407853825682694,,,3.07285205652939,3.28525344123749,-0.534699068239401,-2.21350303739769
1986-01-01,3.50439489563101,3.64354942403979,-0.496602609722553,-2.45933554261728,0.748403348980147,,,,,,,,,,,,,,,,,,,1986-01-01,1.90297817861081,1.09429748926609,0.406740924863392,,,3.04211411554606,3.26129286482184,-0.539125795812713,-2.16322573253967
1986-04-01,3.25050398551942,3.55997526432255,-0.658720370735502,-2.90648122504183,0.565250057789642,,,,,,,,,,,,,,,,,,,1986-04-01,1.89444221331737,1.09296413069222,0.405799445214144,,,3.01709875384812,3.24227700586729,-0.543259759899487,-2.29478662967199
1986-07-01,3.25652028700347,3.57079465626481,-0.664584890706698,-2.89975336494331,0.356711206807167,,,,,,,,,,,,,,,,,,,1986-07-01,1.89178926387704,1.09167592918633,0.405026749489163,,,2.99066391582162,3.22166995533781,-0.54706590591013,-2.25289587005864
1986-10-01,3.21151969209164,3.46746623852684,-0.596120099675338,-2.69999728351684,0.311049400350485,,,,,,,,,,,,,,,,,,,1986-10-01,1.883905205301,1.09101165206626,0.404400005923175,,,2.96987848902631,3.20568282671969,-0.550295797079426,-2.3213778228419
1987-01-01,3.02907195569355,3.4464790375684,-0.755521699214402,-3.05780224483215,0.545358803092683,,,,,,,,,,,,,,,,,,,1987-01-01,1.87939699373776,1.09050368729541,0.4038748363547,,,2.95024045012878,3.19119134418307,-0.554020675832801,-2.27568963543945
1987-04-01,3.15769174162968,3.45288055735919,-0.633931450065784,-2.62975686866309,0.506211287681067,,,,,,,,,,,,,,,,,,,1987-04-01,1.87700585283859,1.08974956715152,0.403413300214147,,,2.92737233482378,3.17445938563423,-0.55851535451803,-2.06955798007789
1987-07-01,3.14035287714548,3.41866087769603,-0.613693535142803,-2.44976478666217,0.401422492103118,,,,,,,,,,,,,,,,,,,1987-07-01,1.87441471872754,1.08883727514692,0.402951363259654,,,2.90347464594549,3.1583569788215,-0.564730920282299,-1.8672095946539
1987-10-01,3.36935850277145,3.55173819625447,-0.530820693131205,-1.97779942004456,0.0696468159576069,,,,,,,,,,,,,,,,,,,1987-10-01,1.88120360209466,1.08701778959096,0.402529699659742,,,2.86815564300139,3.13260931323675,-0.571776299409586,-1.39650019604994
1988-01-01,3.22113059829401,3.42377252098486,-0.53852893177222,-1.84574540540291,-0.18508848064278,,,,,,,,,,,,,,,,,,,1988-01-01,1.87392042023667,1.08576289234819,0.402143899691955,,,2.83941893926891,3.11308718619695,-0.579075670339576,-1.33299294748099
1988-04-01,3.45529056422597,3.47511722362553,-0.360750807629761,-1.25200368133312,-0.381969646899581,,,,,,,,,,,,,,,,,,,1988-04-01,1.87544892133332,1.08406058746851,0.40185324836391,,,2.80395470734181,3.08793663128222,-0.586921968279525,-1.06029447748176
1988-07-01,3.42640354876015,3.36867614755642,-0.272754413470394,-0.929546151266095,0.30046802245328,,,,,,,,,,,,,,,,,,,1988-07-01,1.86760253374468,1.08263808128266,0.401593078474266,,,2.77208663659348,3.06685392487622,-0.595639027220523,-0.990553841146152
1988-10-01,3.533427251357,3.45340690844217,-0.258773928757136,-0.764601183728018,0.964226608774192,,,,,,,,,,,,,,,,,,,1988-10-01,1.87070139549621,1.08051787092159,0.401440108443865,,,2.73100376140888,3.03899290400923,-0.606127593940436,-0.675159790029056
1989-01-01,3.56904392078708,3.46216985012272,-0.23277988378554,-0.600655706487601,2.13551171433746,,,,,,,,,,,,,,,,,,,1989-01-01,1.87409846057132,1.07814688533308,0.401428586577184,,,2.68600944101758,3.00856756386422,-0.617711715689564,-0.490091190181261
1989-04-01,3.45407756090087,3.4658840303861,-0.351824801209671,-0.956240495245879,2.97696686072448,,,,,,,,,,,,,,,,,,,1989-04-01,1.87811101946965,1.07564835524347,0.401613937325883,,,2.63833398216385,2.97681229884613,-0.63051657960064,-0.47846329461504
1989-07-01,3.35647086494875,3.49741862674515,-0.484059774888021,-1.47381443465713,2.97713062315876,,,,,,,,,,,,,,,,,,,1989-07-01,1.88698308484278,1.07305077300225,0.40213428650615,,,2.58667439517674,2.94220857664984,-0.644177668400842,-0.57954150856142
1989-10-01,3.31541182313843,3.40967692413632,-0.428769270583444,-1.68574834733465,2.39648653150069,,,,,,,,,,,,,,,,,,,1989-10-01,1.89018194313871,1.07065522330505,0.402954474437662,,,2.53626782104874,2.91021892626665,-0.659456267995047,-0.891203926433604
1990-01-01,3.58016150429194,3.50464088305459,-0.268299926681205,-1.52087698726098,0.870684937412211,,,,,,,,,,,,,,,,,,,1990-01-01,1.91088471106759,1.06800610635517,0.404535665254915,,,2.47508964054178,2.86937589206857,-0.675784534607782,-0.920996901726312
1990-04-01,3.54205720029534,3.41281305637715,-0.205567693911101,-1.53818521595042,0.794693356815477,,,,,,,,,,,,,,,,,,,1990-04-01,1.91147380658083,1.06606469243629,0.406504201155552,,,2.41893083161533,2.83159282127735,-0.690453588795927,-1.21703048800487
1990-07-01,3.41523094669889,3.27679801706607,-0.183035239928712,-1.72797478940174,1.17364280287829,,,,,,,,,,,,,,,,,,,1990-07-01,1.89653937634026,1.06507073533766,0.40836010579663,,,2.37385835467427,2.80039848408364,-0.701271428083459,-1.74748869718792
1990-10-01,2.90980134203043,2.99001883533301,-0.373551375019716,-2.67106601540252,1.64442388255345,,,,,,,,,,,,,,,,,,,1990-10-01,1.88099727117932,1.06517788778196,0.409228017618722,,,2.35183506161506,2.78674172413832,-0.708298173514712,-2.69097552884466
1991-01-01,2.6412212149549,2.83364722162506,-0.470419151433643,-3.44246415996918,0.624793225285313,,,,,,,,,,,,,,,,,,,1991-01-01,1.89463302252639,1.06568048072334,0.409485778839821,,,2.34081971406275,2.78252244445708,-0.714680311656537,-3.41425278798988
1991-04-01,2.73448921168863,2.8907939044839,-0.439904176258751,-3.54647723235223,-0.0295071495790871,,,,,,,,,,,,,,,,,,,1991-04-01,1.894633210741,1.0661192336865,0.409971434764875,,,2.32572801575871,2.77447210574442,-0.720931897927486,-3.5355878393658
1991-07-01,2.77524570697439,2.80843249076612,-0.308706253542896,-3.17331417379216,-0.35478077056717,,,,,,,,,,,,,,,,,,,1991-07-01,1.90435382157078,1.06682227872529,0.410306218707367,,,2.31625939116139,2.7702275053491,-0.72573950832782,-3.61564000789895
1991-10-01,2.62498967997857,2.70851311928228,-0.34924038314777,-3.20093823353295,-1.05737686232346,,,,,,,,,,,,,,,,,,,1991-10-01,1.92544500835088,1.0677111758491,0.410361644093463,,,2.31369437556626,2.77204072265487,-0.730295625750521,-3.66684254267045
1992-01-01,2.67483950432817,2.77250005189115,-0.36965488842526,-2.98792027428942,-1.91676216256158,,,,,,,,,,,,,,,,,,,1992-01-01,1.92558450557344,1.06846235027757,0.410659912315089,,,2.30670023678184,2.77017743349841,-0.735243678589851,-3.33394413548103
1992-04-01,2.66223617893239,2.76302782173194,-0.371856716592242,-2.56838732873757,-2.03105313741038,,,,,,,,,,,,,,,,,,,1992-04-01,1.9302184005008,1.06925366432475,0.410940043949689,,,2.30090592838138,2.76889069815924,-0.739625017305281,-2.95166094703279
1992-07-01,2.51192134736777,2.73930673114678,-0.496123315181261,-2.42238279312255,-2.2811195179471,,,,,,,,,,,,,,,,,,,1992-07-01,1.93684599103147,1.07013357420659,0.410975364136146,,,2.29891897219249,2.77006865260777,-0.742905490408996,-2.59935300745906
1992-10-01,2.53805259469342,2.70882330595048,-0.436518085765422,-1.82949021895286,-2.55240635387821,,,,,,,,,,,,,,,,,,,1992-10-01,1.93879326117987,1.07120855073898,0.410600708184685,,,2.30194914295297,2.77327086577065,-0.74339168388164,-2.31404069181303
1993-01-01,2.34940378247573,2.50963513952953,-0.406437504143148,-1.47198848226571,-2.37238291578109,,,,,,,,,,,,,,,,,,,1993-01-01,1.97367765439848,1.07278051030705,0.409285885788322,,,2.32200843396583,2.78898672209638,-0.740590043207992,-2.39551864690657
1993-04-01,2.31427867523466,2.436477714563,-0.36122812412354,-1.13361693316506,-2.49172102559264,,,,,,,,,,,,,,,,,,,1993-04-01,1.99652337944081,1.0746817195834,0.407550876858643,,,2.35026080780755,2.81004445085051,-0.735461253105191,-2.37611574059167
1993-07-01,2.12555392383656,2.35523579543198,-0.460740769977331,-1.13063754144332,-2.12239779229545,,,,,,,,,,,,,,,,,,,1993-07-01,2.02698927912585,1.07693584047356,0.405687719159578,,,2.38697243936487,2.8379734722923,-0.729418601740191,-2.30638342832992
1993-10-01,2.18677890551657,2.44957224668671,-0.503107056647835,-0.834266811933389,-2.06310689811676,,,,,,,,,,,,,,,,,,,1993-10-01,2.00209306794914,1.07916924281578,0.404212054580825,,,2.4198648507866,2.86213586776545,-0.723059022115277,-1.87493328332459
1994-01-01,2.11531759687401,2.4378241269208,-0.561667703763514,-0.547288958023955,-1.38471648330711,,,,,,,,,,,,,,,,,,,1994-01-01,1.99749181971316,1.08162180749791,0.402986585893104,,,2.45610265999494,2.8888391214602,-0.716144172192896,-1.52794097834726
1994-04-01,2.29718052064457,2.50368122731871,-0.452122749021554,0.1348329717041,-0.89725371108089,,,,,,,,,,,,,,,,,,,1994-04-01,1.96684745088214,1.08412445154018,0.402094136346111,,,2.49005301656285,2.91247177768724,-0.708144938446427,-1.1233775471776
1994-07-01,2.15123582228176,2.44105831767959,-0.529300957326351,0.196081699058027,-0.0865187828504363,,,,,,,,,,,,,,,,,,,1994-07-01,1.97435795402018,1.08713985814799,0.401493513980528,,,2.53142329028787,2.94186263405009,-0.699048892212903,-1.03968306390959
1994-10-01,2.18378213516743,2.53535826720143,-0.600305830079187,0.203808524355622,0.703975888453035,,,,,,,,,,,,,,,,,,,1994-10-01,1.94038341051263,1.09029296102957,0.401301839216329,,,2.57050463046241,2.96795614449653,-0.688620949605393,-0.881299812795078
1995-01-01,2.09403493310205,2.4655980511877,-0.613449034843954,0.181881835310719,1.56805257353615,,,,,,,,,,,,,,,,,,,1995-01-01,1.94705938761077,1.09425596438782,0.40162771261773,,,2.61847123855849,3.00014414697976,-0.676000127348814,-1.08691548484262
1995-04-01,2.04373956108804,2.43407701266892,-0.629131017055228,-0.03905403574106,1.77763903610872,,,,,,,,,,,,,,,,,,,1995-04-01,1.95289202997798,1.09887230343225,0.402652048724547,,,2.67136359907239,3.03618519905036,-0.662684603222344,-1.38358912133788
1995-07-01,2.09566293382357,2.53493048352268,-0.687955280300638,-0.324278376583493,1.62785605816783,,,,,,,,,,,,,,,,,,,1995-07-01,1.91865700713858,1.10355252191966,0.404201047478834,,,2.72030445580802,3.06855498484371,-0.649289149371475,-1.48689617597097
1995-10-01,2.1689432535161,2.56710963337425,-0.650011025334184,-0.338412728170056,1.59223401458505,,,,,,,,,,,,,,,,,,,1995-10-01,1.89794338287833,1.10845940454969,0.406216328190877,,,2.76885221901058,3.1004722537553,-0.635789878293228,-1.60634353464081
1996-01-01,2.17440158243556,2.62197457378336,-0.704800126643029,-0.563038264117949,1.43914781841108,,,,,,,,,,,,,,,,,,,1996-01-01,1.87649237995947,1.11330162315918,0.408521927000617,,,2.81419663268048,3.13087415734488,-0.623829927481804,-1.62277232205236
1996-04-01,2.45138117601083,2.83749646680275,-0.664486063286814,-0.361747396244709,1.07024235235642,,,,,,,,,,,,,,,,,,,1996-04-01,1.81649343565406,1.11713252834904,0.410421809335413,,,2.84538959478576,3.14946397270351,-0.613050522657827,-1.28329901050472
1996-07-01,2.47364964104817,2.85754743407349,-0.664235652814844,-0.25906935415253,1.15088145786089,,,,,,,,,,,,,,,,,,,1996-07-01,1.80046345996945,1.12108385688305,0.412407565943511,,,2.87637612613478,3.16779918932886,-0.602197972611248,-1.19485501692873
1996-10-01,2.6324970743631,2.9168722956808,-0.570533108637467,-6.31503307886305e-05,0.769092257856627,,,,,,,,,,,,,,,,,,,1996-10-01,1.78475604871882,1.1249408239799,0.414402519445548,,,2.90378559441427,3.18283130791821,-0.591295339282137,-1.12463208514691
1997-01-01,2.54008254569111,2.91440436032349,-0.660237586735475,-0.249273321459668,1.11040434835727,,,,,,,,,,,,,,,,,,,1997-01-01,1.78284102611039,1.12898252326278,0.416598686604823,,,2.93120274762181,3.1990768278649,-0.581717462344878,-1.13807624663389
1997-04-01,2.85554381834098,3.1033131211229,-0.552217847802984,0.111969888996555,0.832839604124201,,,,,,,,,,,,,,,,,,,1997-04-01,1.75864929213318,1.13180605777889,0.418033426429699,,,2.94378423360525,3.20362840544362,-0.574134083541684,-0.768096967135875
1997-07-01,2.82484875768224,3.19449375236594,-0.683038757100674,-0.0439986265481593,1.57313394262451,,,,,,,,,,,,,,,,,,,1997-07-01,1.75171065026882,1.13424542686298,0.419114989882196,,,2.95085420081537,3.20364605472227,-0.567083497081387,-0.525525717639425
1997-10-01,2.8366347827469,3.20628938686194,-0.684205569695134,-0.037709509421461,1.54801779611741,,,,,,,,,,,,,,,,,,,1997-10-01,1.75000455052186,1.13671308145037,0.420185963754969,,,2.95628574580864,3.20272299086353,-0.560638331641048,-0.483968202867231
1998-01-01,2.90795094724461,3.26901743445048,-0.681771347696001,-0.0949513225176588,1.72492210785482,,,,,,,,,,,,,,,,,,,1998-01-01,1.74953427137838,1.13880467650335,0.420981495656681,,,2.95596985359736,3.19762113431194,-0.55535185293322,-0.435302408647431
1998-04-01,2.99661407504336,3.31060965383263,-0.638780817307945,-0.0766046657663537,1.6214296315404,,,,,,,,,,,,,,,,,,,1998-04-01,1.75159739726307,1.14043664623923,0.421397076693156,,,2.94978069871727,3.18892916535009,-0.551996318806622,-0.383349073131626
1998-07-01,3.20933034133516,3.4118711930567,-0.537260288653362,0.125299609799981,1.4056888937977,,,,,,,,,,,,,,,,,,,1998-07-01,1.76132627764432,1.14100112854827,0.420970205563618,,,2.93183172135429,3.17224207731729,-0.551621132059091,-0.16873059731779
1998-10-01,3.41276927185866,3.57409924296093,-0.511964686907752,0.265469819398163,0.490470681724442,,,,,,,,,,,,,,,,,,,1998-10-01,1.78916848098413,1.14028493418852,0.419495019409467,,,2.89935305210703,3.14417341818342,-0.553277484355672,0.18094703055624
1999-01-01,3.38462587650653,3.58039736754485,-0.547024080320012,0.218173930378725,0.427077332065831,,,,,,,,,,,,,,,,,,,1999-01-01,1.80080129274046,1.13942928468206,0.417812902278202,,,2.86370599909837,3.11406465948993,-0.555861978194105,0.284570823041122
1999-04-01,3.43240670810798,3.56923638500063,-0.486987325134242,0.315642293046267,0.303840489630098,,,,,,,,,,,,,,,,,,,1999-04-01,1.80611164005647,1.13835216956225,0.415975289809498,,,2.82373785814657,3.08194935514566,-0.560564163449705,0.358772444386773
1999-07-01,3.52188199057475,3.66757717011784,-0.505500487487917,0.302596329378275,0.59963742504318,,,,,,,,,,,,,,,,,,,1999-07-01,1.83327885114025,1.13638156101482,0.413553595916373,,,2.77133793748918,3.0414830972333,-0.568527909894635,0.66777329203137
1999-10-01,3.73250632383072,3.79866637519384,-0.438825781764743,0.611108414402906,0.302226167436061,,,,,,,,,,,,,,,,,,,1999-10-01,1.88249134721046,1.13361308453849,0.410657758163192,,,2.70521311878331,2.98998487429954,-0.578102305507946,1.06959082800245
2000-01-01,3.6233803815038,3.66506944156993,-0.401248348908821,0.64018632039415,0.681760153382205,,,,,,,,,,,,,,,,,,,2000-01-01,1.8671443800251,1.13138403523928,0.408261820146889,,,2.64147711975101,2.94273937068627,-0.589957811071792,1.03484464975168
2000-04-01,3.75368795957689,3.8863911517359,-0.513975105545757,0.412261539419774,1.18711884811785,,,,,,,,,,,,,,,,,,,2000-04-01,1.93862388681231,1.12841462233905,0.405721818899829,,,2.55900749386555,2.87993530930588,-0.603462023382482,1.40817077058284
2000-07-01,3.60505094567716,3.70377783174601,-0.46208363672388,0.381919746837866,1.39652993314304,,,,,,,,,,,,,,,,,,,2000-07-01,1.90991977865194,1.12655985458159,0.404113953693169,,,2.48450311134969,2.82414022422898,-0.616697579755686,1.12867395882745
2000-10-01,3.6198496029018,3.69471793813413,-0.437336270830504,0.132973849415293,1.38074987503171,,,,,,,,,,,,,,,,,,,2000-10-01,1.91438107857636,1.12519386637723,0.403118081188385,,,2.40747979605549,2.76558776272383,-0.62942418183153,0.845421118855256
2001-01-01,3.48760166617741,3.49039827218181,-0.3452198917105,-0.108481754995751,0.325671880712457,,,,,,,,,,,,,,,,,,,2001-01-01,1.87106847561232,1.12479814572383,0.402804331905458,,,2.34002153391307,2.71532018802919,-0.641683401077357,0.223354281571346
2001-04-01,3.46649372636781,3.51818206340119,-0.396837333772096,-0.573681028448959,-0.915698886788674,,,,,,,,,,,,,,,,,,,2001-04-01,1.8811200799867,1.12476223836615,0.402891329774929,,,2.26919460494762,2.66101542925253,-0.652878037707011,-0.103233486924751
2001-07-01,3.12867715657818,3.28888587852087,-0.482862763405861,-1.08841151497757,-1.17722038186767,,,,,,,,,,,,,,,,,,,2001-07-01,1.83301098160302,1.12563257624521,0.403326904769754,,,2.21280409316583,2.61823179666696,-0.662287656045884,-0.687669206701344
2001-10-01,3.15493712496562,3.19147492561255,-0.349635402999854,-0.982116109580943,-2.48959388123727,,,,,,,,,,,,,,,,,,,2001-10-01,1.81616013270195,1.12685354327434,0.403890097538207,,,2.15908387299822,2.57785146182297,-0.671666054496953,-0.944909698175479
2002-01-01,3.10721421441333,3.18319946935444,-0.388270998961075,-0.995764131078545,-2.8582470123295,,,,,,,,,,,,,,,,,,,2002-01-01,1.81858235091693,1.12832241090416,0.404551530264142,,,2.10418953777328,2.53593820714195,-0.680535262050073,-0.872128852903074
2002-04-01,3.12141332183886,3.07141137132317,-0.251316893785183,-0.460952852152104,-3.05193142474157,,,,,,,,,,,,,,,,,,,2002-04-01,1.80769654192279,1.1301919457279,0.405168495814812,,,2.05517972392619,2.49765341082804,-0.687504374175303,-0.818550266593547
2002-07-01,2.96858253424148,2.93619788664118,-0.255669164436027,-0.285282863054363,-2.93139809561456,,,,,,,,,,,,,,,,,,,2002-07-01,1.7889963923993,1.13245720521564,0.405563199928061,,,2.01573574075534,2.46568648878297,-0.69184534089954,-0.871907976987472
2002-10-01,2.67970669751595,2.77393421744851,-0.366362558687769,-0.442181250758154,-3.02378911349942,,,,,,,,,,,,,,,,,,,2002-10-01,1.7708661027531,1.13507299798057,0.405668005094001,,,1.98800344188014,2.44260759846565,-0.694234609712708,-1.01937447953947
2003-01-01,2.51582493628283,2.70356230207836,-0.452968612890474,-0.500635146334844,-2.88530750190714,,,,,,,,,,,,,,,,,,,2003-01-01,1.76693931815562,1.13787886408948,0.405648761143672,,,1.9642952898602,2.42293581474681,-0.69634109027854,-0.957841866680496
2003-04-01,2.48407502334272,2.6882626717446,-0.467917935067547,-0.253653695520939,-2.72091517095242,,,,,,,,,,,,,,,,,,,2003-04-01,1.76598262800223,1.14075998916258,0.405644339467834,,,1.93856006680346,2.40274125526216,-0.699900579533858,-0.616206696153085
2003-07-01,2.71612289478531,2.79759272259112,-0.355925869046723,0.498184973321372,-3.26895359653576,,,,,,,,,,,,,,,,,,,2003-07-01,1.7739896017162,1.1435940834228,0.405739253296307,,,1.90198139152669,2.37371643937089,-0.704606977956607,0.0539920625996047
2003-10-01,2.7228812862394,2.78172826615858,-0.331746648828361,1.05701661714136,-3.38632420765024,,,,,,,,,,,,,,,,,,,2003-10-01,1.77803593118841,1.14659902148293,0.405861441611777,,,1.86538398640686,2.34384954272166,-0.708407413671337,0.512470357098664
2004-01-01,2.62978980241473,2.66777762628202,-0.299708438275481,1.4570776300676,-3.38251406111708,,,,,,,,,,,,,,,,,,,2004-01-01,1.77181857349017,1.14986343017096,0.405955000754188,,,1.8351815337331,2.31890901269025,-0.711222561597838,0.690959338418565
2004-04-01,2.59267355708658,2.63125806656359,-0.29672239588222,1.71989735572481,-3.39852761374407,,,,,,,,,,,,,,,,,,,2004-04-01,1.7712652515353,1.15327832343556,0.406059718459422,,,1.80551457094406,2.29451266008348,-0.714099783241779,0.918236409528845
2004-07-01,2.45526495256036,2.64366453201761,-0.447754594205269,1.6591405139817,-2.7806070553711,,,,,,,,,,,,,,,,,,,2004-07-01,1.77337602223645,1.15678274395594,0.406200187984461,,,1.7737147405325,2.26872532113322,-0.717582424340908,1.24594935829077
2004-10-01,2.51039076049266,2.6502331856134,-0.399841853420309,2.08017618015003,-2.31197299439464,,,,,,,,,,,,,,,,,,,2004-10-01,1.77840718430229,1.16034842581024,0.40636857343663,,,1.73828220202125,2.2404223269296,-0.721935321539878,1.61832565128952
2005-01-01,2.63523162369619,2.6784103168044,-0.305942420806248,2.58779195459658,-2.01044169719039,,,,,,,,,,,,,,,,,,,2005-01-01,1.78914242220802,1.16396147546131,0.406563958181811,,,1.69812232689557,2.20797300670722,-0.726462456677574,1.9622820646232
2005-04-01,2.458931758581,2.61376134471807,-0.411250967858215,2.46450695292117,-1.32973255598723,,,,,,,,,,,,,,,,,,,2005-04-01,1.78735506522467,1.16771921915448,0.406785704311541,,,1.66044582733933,2.17803776626631,-0.731266938213155,2.03968651382661
2005-07-01,2.38252091023253,2.64699939454244,-0.524160663608819,2.24244627036046,-0.637879632437305,,,,,,,,,,,,,,,,,,,2005-07-01,1.79499507439953,1.17148437292875,0.40697781419712,,,1.61804418165282,2.14481608183866,-0.737187707411014,2.17556840530733
2005-10-01,2.42856261804347,2.62217894278202,-0.450863509523426,2.3881338320831,-0.187779273059774,,,,,,,,,,,,,,,,,,,2005-10-01,1.8005559382855,1.17526689105142,0.407077552970298,,,1.57173313674282,2.11010918954862,-0.745386962604428,2.26273520403845
2006-01-01,2.60284264030756,2.77782997424661,-0.447504563418387,2.44652624633636,0.148222165246553,,,,,,,,,,,,,,,,,,,2006-01-01,1.83902744246762,1.1789540218344,0.407083216975944,,,1.51099874656246,2.06365736783863,-0.755112404874109,2.56645018727397
2006-04-01,2.64351727488291,2.67730191873847,-0.296439632871653,2.69470511820612,0.289661185509803,,,,,,,,,,,,,,,,,,,2006-04-01,1.83941343777171,1.18274377451916,0.407094418533106,,,1.45254080706963,2.01939147504491,-0.764961774528046,2.41417955178849
2006-07-01,2.44854912852457,2.63981226678049,-0.450240228991536,2.03371288152607,0.859647482921812,,,,,,,,,,,,,,,,,,,2006-07-01,1.83777966357003,1.18662298552496,0.40705180871934,,,1.39242484384795,1.97537704035913,-0.776745295155294,2.18499588200768
2006-10-01,2.45178581326842,2.7503855796845,-0.568424581154367,1.53878054751772,0.870316915621164,,,,,,,,,,,,,,,,,,,2006-10-01,1.86882055089049,1.19059678280859,0.407084392666437,,,1.32036899231193,1.92251838515966,-0.790756826997439,2.21124381693846
2007-01-01,2.52135447893359,2.69842982177739,-0.441803071247918,1.59754338900518,0.876320521847902,,,,,,,,,,,,,,,,,,,2007-01-01,1.8770435441024,1.19480121058477,0.407328256038195,,,1.24484364772865,1.8684203634566,-0.806876898126638,2.08344470098973
2007-04-01,2.41568022541165,2.76330977656012,-0.618722285938897,0.957513171782125,1.10322335998456,,,,,,,,,,,,,,,,,,,2007-04-01,1.90406892616963,1.19946445364706,0.408101286830158,,,1.159525323933,1.80796662396269,-0.825810707056494,2.09327991312512
2007-07-01,2.43918151188763,2.78757751418883,-0.621869507939951,0.762610837742614,0.891044052337735,,,,,,,,,,,,,,,,,,,2007-07-01,1.9345116505517,1.20484581273355,0.409786773094577,,,1.06595583282919,1.7421829031383,-0.847142807561275,2.11030834244639
2007-10-01,2.55689800238976,2.79702409148333,-0.514526345144062,0.840361829419521,0.0923162643777427,,,,,,,,,,,,,,,,,,,2007-10-01,1.96716360622727,1.21115838896704,0.412725433194782,,,0.96618802366345,1.67127573484475,-0.869047146128165,2.05533228391982
2008-01-01,2.19071853533603,2.62478903255868,-0.691573743192424,0.0939033632265591,-1.02655372043103,,,,,,,,,,,,,,,,,,,2008-01-01,1.93669595908105,1.21808024056554,0.416400774452764,,,0.874274497940304,1.60783141380646,-0.891292186355208,1.62854708365319
2008-04-01,2.06124645788056,2.66895162937192,-0.869540960720335,-0.511120898063382,-2.02712732994614,,,,,,,,,,,,,,,,,,,2008-04-01,1.96471178976688,1.22595254221361,0.421167042694589,,,0.778604677261857,1.53972833454054,-0.912177718819513,1.48126332475977
2008-07-01,1.74229547126503,2.41952824769731,-0.914599044642511,-0.779786731866579,-1.70205258496921,,,,,,,,,,,,,,,,,,,2008-07-01,1.91422882360725,1.23337608252035,0.425319346983429,,,0.703780852601856,1.48448194380813,-0.926335240988386,0.830328433878663
2008-10-01,0.780093799842714,1.90810498586104,-1.31520460286652,-2.280391109471,-1.93779073543988,,,,,,,,,,,,,,,,,,,2008-10-01,1.81554967694315,1.23872525203723,0.4265397838952,,,0.670384273874878,1.46093033277855,-0.933869692978545,-0.521799431229624
2009-01-01,0.529084472376713,1.63536442312922,-1.26671632947692,-2.72969783006511,-2.051889284965,,,,,,,,,,,,,,,,,,,2009-01-01,1.81467962863311,1.24303881899635,0.425885359424284,,,0.656705933065993,1.45279396079999,-0.938613448250027,-1.43813649937226
2009-04-01,0.698232982323998,1.50155083169597,-0.950626531461907,-2.16067877064461,-1.99583185203822,,,,,,,,,,,,,,,,,,,2009-04-01,1.83504580505761,1.24717723830725,0.42462131252763,,,0.650070024829559,1.45035208452926,-0.942567921509041,-1.72708448394121
2009-07-01,0.667723407688738,1.46154351759951,-0.937203900089546,-1.98667564948767,-2.14035839709798,,,,,,,,,,,,,,,,,,,2009-07-01,1.84980975436997,1.25154729029866,0.423407387662549,,,0.645200747635414,1.45003974354771,-0.947094215709802,-1.58684254626473
2009-10-01,0.942599614901233,1.51241406976855,-0.718188867966766,-1.07809551374191,-2.69860227716733,,,,,,,,,,,,,,,,,,,2009-10-01,1.85041768751439,1.25651578275295,0.422767184635456,,,0.635117071656127,1.44518511453578,-0.951847002408985,-1.1048421240389
2010-01-01,0.753800633029184,1.45234946307416,-0.841030643396456,-0.948026070637184,-2.37612538158362,,,,,,,,,,,,,,,,,,,2010-01-01,1.86523083767495,1.26157259455879,0.422146450371631,,,0.62957403121754,1.44451002754706,-0.956648726882445,-0.751961476269116
2010-04-01,0.731508619843642,1.49951642975616,-0.915116908303864,-0.681066413194912,-2.35616263264843,,,,,,,,,,,,,,,,,,,2010-04-01,1.86953262538223,1.26706629959677,0.421887754995206,,,0.620986709017731,1.44145752829326,-0.961884086345315,-0.245693535798637
2010-07-01,0.629859136363107,1.49965673103022,-1.01692045722505,-0.48069490141711,-2.08328775672756,,,,,,,,,,,,,,,,,,,2010-07-01,1.87701206876333,1.27271364176137,0.421756350712804,,,0.613850070729485,1.43914247249376,-0.966478551768433,0.164321266336174
2010-10-01,0.604556237308061,1.44765981537703,-0.98512531653844,-0.0654986346919486,-2.04997052853872,,,,,,,,,,,,,,,,,,,2010-10-01,1.89045017784224,1.27824407645325,0.421482666124949,,,0.612434587228905,1.44012548706703,-0.968973487857036,0.368329413107404
2011-01-01,0.423831447711344,1.26833888829778,-0.968937014420795,0.09052840588663,-1.86410659660373,,,,,,,,,,,,,,,,,,,2011-01-01,1.92898081980925,1.28336214005802,0.420698461625712,,,0.624482661620359,1.45215234065402,-0.970132153816441,0.250902359846123
2011-04-01,0.565718847619301,1.3064952334512,-0.868949263455425,0.485069342647307,-2.22223516651193,,,,,,,,,,,,,,,,,,,2011-04-01,1.9350683429426,1.28873338766022,0.420164869854651,,,0.635066206403122,1.46212895823261,-0.970503976286407,0.413594790647721
2011-07-01,0.394060443761796,1.18848967382729,-0.911025247884787,0.518617151016088,-2.07707968455571,,,,,,,,,,,,,,,,,,,2011-07-01,1.96960638923168,1.29397985305199,0.419579561203068,,,0.654241627799733,1.48005190818115,-0.971009824357291,0.421142631990506
2011-10-01,0.520140854013171,1.32353134245863,-0.933234682625743,0.746127868572785,-2.258965046449,,,,,,,,,,,,,,,,,,,2011-10-01,1.95209222733412,1.29976866519886,0.419580466846346,,,0.664524589856582,1.49090183585883,-0.972641215179872,0.872400753903207
2012-01-01,0.714659911173977,1.33236917226839,-0.748420484904551,1.546553339723,-2.50489778253121,,,,,,,,,,,,,,,,,,,2012-01-01,1.94993739066494,1.30568855733581,0.419827696697134,,,0.674266768079638,1.50075400706196,-0.973717749102171,1.23125386241361
2012-04-01,0.58004471409713,1.30696236658163,-0.855136357904432,1.56788346580424,-2.16325931161985,,,,,,,,,,,,,,,,,,,2012-04-01,1.96221815789976,1.31152958990759,0.420077855038578,,,0.688950263176831,1.51374205826462,-0.973296489647613,1.38319706724337
2012-07-01,0.423679670426304,1.24486259662742,-0.943309373485698,1.49987608008848,-2.08252272446792,,,,,,,,,,,,,,,,,,,2012-07-01,1.98552436485215,1.31722651336958,0.420266441569558,,,0.711161958395983,1.53215045477395,-0.971299134880507,1.36340451330204
2012-10-01,0.400305187681613,1.1764973496414,-0.891611680499979,1.67468396644153,-2.03204096025405,,,,,,,,,,,,,,,,,,,2012-10-01,2.01207479752977,1.32294551589304,0.420515588468682,,,0.738964126643238,1.55544431032785,-0.969076050958637,1.32542789041224
2013-01-01,0.478371957256756,1.27574703798323,-0.922531426338288,1.78257065124012,-2.03413898315221,,,,,,,,,,,,,,,,,,,2013-01-01,2.00415739338337,1.32888885335123,0.421025810202474,,,0.76242590882075,1.57444654224232,-0.966480702480172,1.56073184773504
2013-04-01,0.338647533813643,1.20418206015058,-0.983670035660164,1.77696319118559,-1.94396746636636,,,,,,,,,,,,,,,,,,,2013-04-01,2.02829149066214,1.3347929930969,0.421645777972519,,,0.792819731006022,1.5993671679279,-0.96345232799323,1.58215328615358
2013-07-01,0.497612249582942,1.27430162363645,-0.901703918217102,2.13598856668148,-2.16582912328535,,,,,,,,,,,,,,,,,,,2013-07-01,2.02434089315004,1.34092988633303,0.422483393428886,,,0.819397040226222,1.62096770352883,-0.960594661076612,1.81195944399747
2013-10-01,0.609537168201529,1.30644793744291,-0.825079006920324,2.54161886437214,-2.27750147311639,,,,,,,,,,,,,,,,,,,2013-10-01,2.02741147675205,1.34705062432813,0.42343434020736,,,0.846730474642933,1.64171590040879,-0.956044912098492,1.9735811597983
2014-01-01,0.319125100330793,1.14898496630842,-0.942580299781965,2.27973393270179,-1.94588317351337,,,,,,,,,,,,,,,,,,,2014-01-01,2.07814229011037,1.35315367461208,0.424573662249186,,,0.886458962682083,1.67385673154563,-0.951610410837736,1.79842859848975
2014-04-01,0.64042364195011,1.33901625293439,-0.829955942383441,2.71141296077883,-2.37073172753651,,,,,,,,,,,,,,,,,,,2014-04-01,2.05582490819049,1.35962257008658,0.425860973010255,,,0.912082764241185,1.69524627227245,-0.949474557191193,2.24297691382435
2014-07-01,0.738388636220609,1.4568593096378,-0.86139492237571,2.99638368756052,-2.33552113642568,,,,,,,,,,,,,,,,,,,2014-07-01,2.04597636677373,1.366137921127,0.42716912868325,,,0.93117015159271,1.71096427341909,-0.947647175416079,2.70695379829294
2014-10-01,0.627170109667406,1.42994653527256,-0.943060414081346,3.03378807885565,-2.22479802646046,,,,,,,,,,,,,,,,,,,2014-10-01,2.0618128708902,1.3726728085896,0.428584074296562,,,0.953661488807811,1.72977497521109,-0.945811951837638,2.88400317948822
2015-01-01,0.658682817615697,1.50225852243244,-0.990953814452856,3.10137559265138,-2.1295353476546,,,,,,,,,,,,,,,,,,,2015-01-01,2.06648534924575,1.37930373101368,0.430048310108685,,,0.972742702794076,1.74566344032183,-0.944177930649841,3.12469957973201
2015-04-01,0.840314266603765,1.49590739324108,-0.802348162814174,3.68938418563755,-2.34478667012874,,,,,,,,,,,,,,,,,,,2015-04-01,2.07857579359063,1.38597115801345,0.431587433201107,,,0.992823971263291,1.76175610732204,-0.941768089964061,3.23185333873005
2015-07-01,0.777484476854008,1.47407613456565,-0.841204952246479,3.65286660183449,-2.13151790738115,,,,,,,,,,,,,,,,,,,2015-07-01,2.09745887774177,1.39266913675807,0.433260398815107,,,1.01714687381514,1.78058484519549,-0.938121106548534,3.18140875884626
2015-10-01,0.681937423465858,1.4334457022614,-0.892135550806779,3.49842546858747,-2.06769603738938,,,,,,,,,,,,,,,,,,,2015-10-01,2.12164168085795,1.39947352553879,0.435148135145636,,,1.04644027867251,1.80338906940444,-0.933869119702284,3.04933544722007
2016-01-01,0.887002288142149,1.47064650895063,-0.727921054120202,3.88934589410269,-2.09968818031182,,,,,,,,,,,,,,,,,,,2016-01-01,2.13511478897327,1.40639857704271,0.437160044391412,,,1.07404818683734,1.82423546835823,-0.929152733101393,3.05936705684348
2016-04-01,0.99335104941218,1.43946916326585,-0.587336313646674,4.21809388586541,-2.19605085852939,,,,,,,,,,,,,,,,,,,2016-04-01,2.15787616232495,1.41348913306124,0.439427960485754,,,1.10447651435558,1.84721527919375,-0.923958636034319,2.98592621199828
2016-07-01,1.03115549520263,1.49621282944433,-0.611842335041534,4.18041252523312,-2.23556044090057,,,,,,,,,,,,,,,,,,,2016-07-01,2.17396793685151,1.42076756553789,0.441889218962479,,,1.13294289460669,1.86821625058777,-0.918553514017578,3.01053976288665
2016-10-01,0.9859128417846,1.52519471626888,-0.688910124718291,4.03749678729298,-2.12346042463719,,,,,,,,,,,,,,,,,,,2016-10-01,2.1936400546699,1.42823002150187,0.444628528714057,,,1.16195563447754,1.88921638873716,-0.912601117391538,3.00725957865018
2017-01-01,1.01840499008458,1.53140710884352,-0.663239831785341,4.10861397713541,-1.92061829870185,,,,,,,,,,,,,,,,,,,2017-01-01,2.21604557666162,1.43591805241557,0.44772088862283,,,1.19191395643415,1.91083137603259,-0.906378307207232,2.97922865674445
2017-04-01,0.948894698261125,1.57180551840754,-0.777111793254182,3.84731517030605,-1.50994012704126,,,,,,,,,,,,,,,,,,,2017-04-01,2.23656826849885,1.44385135492162,0.451142848733156,,,1.22044800588947,1.93179755958203,-0.900867315302506,3.01247428811075
2017-07-01,0.994301785057977,1.67065811218631,-0.840255170600082,3.75672590321062,-1.37627865557375,,,,,,,,,,,,,,,,,,,2017-07-01,2.25077698814964,1.45197043746384,0.454712667127871,,,1.24236634357415,1.94810693384818,-0.896858372594661,3.20421217468709
2017-10-01,1.19943411282068,1.77595082775907,-0.750745232795649,4.08258688484852,-1.55833803525219,,,,,,,,,,,,,,,,,,,2017-10-01,2.26615727398046,1.46020337235577,0.458348376585123,,,1.25634866862828,1.95817088122546,-0.893927312025888,3.46296818797941
2018-01-01,1.32264570688246,1.80943893509473,-0.664307075379168,4.35749716872863,-1.31696065779877,,,,,,,,,,,,,,,,,,,2018-01-01,2.28748213619536,1.46863922770408,0.462273453254629,,,1.26720318445623,1.96601016406046,-0.891681146851731,3.59042063763081
2018-04-01,1.36270285538933,1.86863637346183,-0.689254891994326,4.31214321784876,-0.908187003994664,,,,,,,,,,,,,,,,,,,2018-04-01,2.31074374249555,1.47730910399669,0.466514295921036,,,1.27367060749748,1.97065939433866,-0.890319063845708,3.6830710177419
2018-07-01,1.32123798811886,1.94973634768163,-0.819775994483335,3.98651097161871,-0.679531905249532,,,,,,,,,,,,,,,,,,,2018-07-01,2.33537547848751,1.48616691053747,0.47110516663922,,,1.27574423843518,1.97149611982618,-0.889164244813286,3.72804811864603
2018-10-01,1.2726773110804,1.91339878282246,-0.828434233148671,3.81177587246441,-0.478444785341913,,,,,,,,,,,,,,,,,,,2018-10-01,2.35770292084935,1.49536869095902,0.476382331700515,,,1.27976690822753,1.97449408465295,-0.888433653265812,3.5513702698621
2019-01-01,1.27318159556145,1.9796624195083,-0.900694336966149,3.46797126025092,-0.341381603417939,,,,,,,,,,,,,,,,,,,2019-01-01,2.38242709009858,1.50484014389638,0.482130336150795,,,1.27824097113426,1.97385005477752,-0.889252378345445,3.50394513470519
2019-04-01,1.4505726937753,2.04035771542214,-0.789953007775804,3.60818831608503,-0.57318350839446,,,,,,,,,,,,,,,,,,,2019-04-01,2.41021507175855,1.51459280605952,0.488342795388223,,,1.26951433779201,1.96839352213683,-0.891987169409053,3.5480124889707
2019-07-01,1.50111988781144,2.15143219042327,-0.861377178929832,3.39705619096048,-0.815799459038579,,,,,,,,,,,,,,,,,,,2019-07-01,2.44376506623634,1.52459809263032,0.495058619721605,,,1.25237374325529,1.95623637428922,-0.89577794689936,3.66267002420352
2019-10-01,1.42778893545801,2.15607497388302,-0.939806392039049,3.1330867944597,-1.35879542658085,,,,,,,,,,,,,,,,,,,2019-10-01,2.46809763587007,1.53482622029338,0.502615600907347,,,1.23563528917947,1.94379994230261,-0.898859900798279,3.56023661374013
2020-01-01,1.36108005691887,2.05731709610822,-0.898068814492278,3.02430078913841,-1.7264052608975,,,,,,,,,,,,,,,,,,,2020-01-01,2.548785127233,1.5443039907182,0.509233233186883,,,1.2255086883677,1.93650639741922,-0.900977428179872,3.22939019738528
2020-04-01,1.32196010965009,2.02901288847117,-0.906107787972244,-2.67643618974543,-2.91006330084943,,,,,,,,,,,,,,,,,,,2020-04-01,2.60535970713337,1.55405536168039,0.516171266997297,,,1.21793735974808,1.93166505349665,-0.903232455933924,-2.40809388150589
2020-07-01,1.37489767128796,2.0677744017845,-0.895734413071377,3.88258557378469,-3.01396092514214,,,,,,,,,,,,,,,,,,,2020-07-01,2.67386663057098,1.563384739487,0.522347107954739,,,1.20753489666732,1.92450983132294,-0.905777738354973,4.2109462134573
2020-10-01,1.36049882060207,2.05721623793548,-0.898539298009936,4.48961919608581,-2.87636076480792,,,,,,,,,,,,,,,,,,,2020-10-01,2.70947303257216,1.57326458368958,0.529457687415638,,,1.19856374274807,1.91921916606182,-0.908939189688135,4.9467546108512
2021-01-01,1.50718309503867,2.11812466275003,-0.818738830371768,5.35009901853986,-2.93970962619801,,,,,,,,,,,,,,,,,,,2021-01-01,2.76107099643065,1.58310210245691,0.537008549424834,,,1.18408768497637,1.90975033626834,-0.913017484187461,5.78044265039038
2021-04-01,1.65770548491032,2.10119309996988,-0.649623817603848,6.19651525496953,-1.97195830494791,,,,,,,,,,,,,,,,,,,2021-04-01,2.79374458984992,1.5933140294667,0.545475447688841,,,1.16793776321784,1.89889399064236,-0.917246005489557,6.21566512138053
2021-07-01,1.61871136989716,2.06334210617007,-0.647053591326895,6.13835299138649,-0.803279217171245,,,,,,,,,,,,,,,,,,,2021-07-01,2.83696679376218,1.60388413691121,0.554826391000631,,,1.15286182282373,1.88991932549872,-0.922466826967432,6.19369009398523
2021-10-01,1.85282930939345,2.24091853078229,-0.60793309778135,6.58263926615431,0.365452573408701,,,,,,,,,,,,,,,,,,,2021-10-01,2.93135177470014,1.61382636283531,0.5644289762201,,,1.12818907591697,1.87070057014196,-0.926035374839301,6.76212042394949
2022-01-01,1.48330571804414,1.85992823619648,-0.559089585848266,6.85939650022351,-3.06240493497478,,,,,,,,,,,,,,,,,,,2022-01-01,2.95953541498523,1.62366468886143,0.574962788094787,,,1.12580722410898,1.86794519191484,-0.925391533804959,5.93824023199124
2022-04-01,1.05711587032935,1.65691346228537,-0.762348025357364,5.87237123998509,-2.94192479655207,,,,,,,,,,,,,,,,,,,2022-04-01,2.99644009142305,1.63391266872035,0.58669137504842,,,1.13608158727938,1.87638943550516,-0.924389831330892,4.99226168125481
2022-07-01,1.24945486127014,1.85332283676432,-0.785687024711827,5.24053084060101,-2.47384850241282,,,,,,,,,,,,,,,,,,,2022-07-01,3.06357135553817,1.64470577086689,0.599581521689302,,,1.1361144344516,1.87644517900058,-0.924418196333994,4.87672445284424
2022-10-01,1.21697303756224,1.8505898890997,-0.815167786675848,5.09117278015161,-1.42525846336561,,,,,,,,,,,,,,,,,,,2022-10-01,3.1081483300728,1.65636326055141,0.614465772488322,,,1.13686832479614,1.87697807108575,-0.924249477111138,4.78144082198718
2023-01-01,1.25390669399251,1.8371381784483,-0.763462748141118,5.09561823268432,-0.71173036820786,,,,,,,,,,,,,,,,,,,2023-01-01,3.13672028496957,1.6690572976484,0.631545684882389,,,1.13794767420758,1.87784743428112,-0.924124779214226,4.63326313917258
2023-04-01,1.13794767420758,1.87784743428112,-0.924124779214225,4.44266926270074,0.363362578772201,,,,,,,,,,,,,,,,,,,2023-04-01,3.14347716102164,1.6690572976484,0.631545684882389,,,1.13794767420758,1.87784743428112,-0.924124779214225,4.44266926270074
